n,price,rooms,meters,address
0,7100,5.5,188,"Pilatusstrasse 7, 8032 Zürich"
1,3000,3.5,90,"Michael-Maggi-Strasse 10, 8046 Zürich"
2,6093,3.5,94,"Hochstrasse 73, 8044 Zürich"
3,2890,2.5,74,"Badenerstrasse 682, 8048 Zürich"
4,3090,2.5,66,"Anna-Heer-Strasse 14, 8057 Zürich"
5,3550,3.5,78,"Anna-Heer-Strasse 14, 8057 Zürich"
6,3550,3.5,78,"Anna-Heer-Strasse 12, 8057 Zürich"
7,3220,3.5,74,"Anna-Heer-Strasse 16, 8057 Zürich"
8,2480,2.5,53,"Anna-Heer-Strasse 12, 8057 Zürich"
9,2128,2.5,57,"Saumackerstrasse 28, 8048 Zürich"
10,3090,2.5,83,"Badenerstrasse 682, 8048 Zürich"
11,2230,1.5,23,"Siewerdtstrasse 75, 8050 Zürich"
12,4440,3.5,74,"Freiestrasse 123, 8032 Zürich"
13,5130,4.5,135,"Zentralstrasse 78, 8003 Zürich"
14,2750,2.0,0,"Rotwandstrasse 66, 8004 Zürich"
15,3828,2.5,0,"Rotwandstrasse 66, 8004 Zürich"
16,2625,2.5,67,"Hagenholzstrasse 55, 8050 Zürich"
17,2545,2.5,67,"Hagenholzstrasse 55, 8050 Zürich"
18,3080,3.5,86,"Hagenholzstrasse 55, 8050 Zürich"
19,3080,3.5,86,"Hagenholzstrasse 55, 8050 Zürich"
20,3995,2.5,105,"Pfingstweidstrasse 98, 8005 Zürich"
21,4867,5.5,128,"Käferholzstrasse 48, 8057 Zürich"
22,5870,4.5,90,"Kreuzstrasse 78, 8032 Zürich"
23,3385,3.5,88,"Allmannstrasse 55, 8052 Zürich"
24,2300,1.0,22,"Rotwandstrasse 66, 8004 Zürich"
25,1342,1.0,21,"Brown Boveri Strasse 7, 8001 Zürich"
26,2300,1.0,22,"Rotwandstrasse 66, 8004 Zürich"
27,2950,2.0,36,"Rotwandstrasse 66, 8004 Zürich"
28,1600,1.5,40,"Müllerstrasse 76, 8004 Zürich"
29,2900,4.5,93,"Baumackerstrasse 45, 8050 Zürich"
30,2545,2.5,63,"Käferholzstrasse 44, 8057 Zürich"
31,1840,1.0,17,"Rotbuchstrasse 9, 8006 Zürich"
32,2165,1.0,23,"Militärstrasse 106, 8004 Zürich"
33,3025,3.5,73,"Buchholzstrasse 19, 8053 Zürich"
34,3940,2.5,81,"Mythenquai 353, 8038 Zürich"
35,1450,1.0,41,"Morgartenstrasse, 8004 Zürich"
36,2425,2.5,57,"Buchholzstrasse 17, 8053 Zürich"
37,4225,3.5,84,"Buchholzstrasse 15, 8053 Zürich"
38,3850,4.5,103,"Katzenbachstrasse 239, 8052 Zürich"
39,3010,3.5,82,"Katzenbachstrasse 239, 8052 Zürich"
40,4630,2.5,113,"Mythenquai 353, 8038 Zürich"
41,9750,0.0,136,"Bahnhofstrasse 65, 8001 Zürich"
42,3120,2.5,60,"Zeughausstrasse 3, 8004 Zürich"
43,4735,7.5,180,"Hardturmstrasse, 8005 Zürich"
44,3460,3.0,70,"Kyburgstrasse 27, 8037 Zürich"
45,7800,4.5,147,"Löwenstrasse 16, 8001 Zürich"
46,4320,3.5,140,"Pfingstweidstrasse 104, 8005 Zürich"
47,3190,2.0,60,"Zinistrasse 9, 8004 Zürich"
48,5500,3.5,107,"Spyristrasse 32, 8044 Zürich"
49,5750,4.5,146,"Zürichbergstrasse 51, 8044 Zürich"
50,3450,3.0,70,"Bucheggstrasse 133, 8057 Zürich"
51,5600,3.5,115,"Billoweg 3, 8038 Zürich"
52,4070,3.5,90,"Sempacherstrasse 37, 8032 Zürich"
53,4700,3.5,116,"Haldenstrasse 8, 8045 Zürich"
54,3934,3.5,104,"Wehntalerstrasse 59, 8057 Zürich"
55,4350,5.5,160,"Heinrich-Wolff-Strasse 10, 8046 Zürich"
56,2280,2.5,62,"Seebacherstrasse 36, 8052 Zürich"
57,2980,3.0,63,"Agnesstrasse 47, 8004 Zürich"
58,3640,4.5,89,"Libellenweg 9, 8048 Zürich"
59,4070,4.5,108,"Am Oeschbrig 5, 8053 Zürich"
60,2300,3.5,70,"Ringstrasse 70, 8057 Zürich"
61,3950,3.5,80,"Sprecherstrasse 5, 8032 Zürich"
62,3900,3.5,79,"Hammerstrasse 33, 8008 Zürich"
63,4400,3.5,93,"Niederdorfstrasse 37, 8001 Zürich"
64,5000,5.5,120,"Schwingerstrasse 7, 8006 Zürich"
65,2990,3.5,111,"Riedgrabenweg 5, 8050 Zürich"
66,3505,3.0,72,"Seestrasse 436, 8038 Zürich"
67,6450,5.5,135,"Stauffacherstrasse 26, 8004 Zürich"
68,7370,3.5,129,"Hufgasse 11, 8008 Zürich"
69,5100,4.5,112,"Hölderlinsteig 2, 8032 Zürich"
70,2030,2.5,60,"Wehntalerstrasse 441, 8046 Zürich"
71,4450,4.5,145,"Am Oeschbrig 34, 8053 Zürich"
72,4083,3.5,107,"Lessingstrasse 3, 8002 Zürich"
73,1950,3.5,85,"Alfred-Escher-Strasse 70, 8002 Zurigo"
74,2560,3.5,103,"Zürichstrasse 87, 8053 Zürich"
75,3950,3.5,100,"Rötelstrasse 109, 8037 Zürich"
76,3950,3.0,90,"Hammerstrasse 11, 8008 Zürich"
77,5990,5.5,138,"Zollikerstrasse 247, 8008 Zürich"
78,6300,4.5,130,"Wiesenstrasse 14, 8008 Zürich"
79,9050,7.5,250,"Feldeggstrasse 80, 8008 Zürich"
80,3650,4.5,130,"Michael-Maggi Strasse 1, 8046 Zürich"
81,2930,2.5,0,"Brinerstrasse 2, 8003 Zürich"
82,4800,3.5,107,"Kanzleistrasse 3, 8004 Zürich"
83,4350,5.0,111,"Rebbergstrasse 1, 8037 Zürich"
84,3950,2.5,86,"Höschgasse 83, 8008 Zürich"
85,3850,3.5,83,"Luisenstrasse 33, 8005 Zürich"
86,4195,2.0,76,"Bellerivestrasse 17, 8008 Zürich"
87,6500,3.0,128,"Pfingstweidstrasse 98, 8005 Zürich"
88,4695,4.5,130,"Rindermarkt 12, 8001 Zürich"
89,2700,3.5,88,"Kürbergstrasse 29, 8049 Zürich"
90,6050,4.0,128,"Lessingstrasse 9, 8002 Zürich"
91,3900,3.5,103,"Glaubtenstrasse 7, 8046 Zürich"
92,6150,6.5,170,"Hügelstrasse 12, 8002 Zürich"
93,3246,3.5,90,"Buckhauserstrasse 49, 8048 Zürich"
94,2670,2.5,55,"Promenadengasse 19, 8001 Zürich"
95,5350,4.0,0,"Rosenbühlstrasse 30, 8044 Zürich"
96,3387,2.5,80,"Schweighofstrasse, 8055 Zurigo"
97,4180,4.0,110,"Clausiusstrasse, 8006 Zürich"
98,2650,2.0,52,"Eichbühlstrasse 64, 8004 Zürich"
99,2650,2.0,55,"Eichbühlstrasse 64, 8004 Zürich"
100,5200,5.0,113,"Hofackerstrasse 15, 8032 Zürich"
101,1840,1.0,17,"Rotbuchstrasse 9, 8006 Zürich"
102,4110,3.5,114,"Käferholzstrasse 32, 8057 Zürich"
103,4175,3.5,76,"Siewerdtstrasse 105, 8050 Zürich"
104,10800,7.0,295,"Streulistrasse 19, 8032 Zürich"
105,2000,2.0,0,"Seebacherstrasse 66, 8052 Zürich"
106,2975,3.5,80,"70 Meientalstrasse, 8048 Zürich"
107,3550,3.5,87,"Leutschenbachstrasse 40, 8050 Zürich"
108,3040,5.5,128,"Regensdorferstrasse, 8049 Zürich"
110,2790,3.5,70,"Diggelmannstrasse 27, 8047 Zürich"
111,2200,2.0,55,"Stapferstrasse 16, 8006 Zürich"
112,5261,5.5,119,"Agnesstrasse 2, 8004 Zürich"
113,2210,2.5,53,"Hofwiesenstrasse 12, 8057 Zürich"
114,2998,3.5,130,"Michael-Maggi-Strasse 22, 8046 Zürich"
115,3230,3.5,101,"Glatttalstrasse 37, 8052 Zürich"
116,2940,2.5,59,"Siewerdtstrasse 105, 8050 Zürich"
117,2780,3.5,70,"Birmensdorferstrasse 390, 8055 Zürich"
118,8881,6.5,250,"8044 Zürich"
119,3160,3.0,88,"Eibenstrasse 5, 8045 Zürich"
120,3100,2.5,60,"Turbinenstrasse 31, 8005 Zürich"
121,1794,2.0,50,"Riedgrabenweg 39, 8050 Zürich"
122,2480,3.5,86,"Im Mittelleimbach 22, 8041 Zürich"
123,3500,3.5,86,"Hammerstrasse 38, 8008 Zürich"
124,2690,2.5,60,"Butzenstrasse 4, 8038 Zürich"
125,3984,2.5,150,"Feldstrasse 43, 8004 Zürich"
126,2470,3.5,60,"Hürststrasse 6, 8046 Zürich"
127,4140,4.5,110,"Birmensdorferstrasse 93, 8003 Zürich"
128,3935,3.5,81,"Lessingstrasse 41, 8002 Zürich"
129,5750,6.5,167,"8048 Zürich"
130,3355,3.0,63,"Hegibachstrasse 51, 8032 Zürich"
131,2580,2.0,49,"Moosstrasse 39, 8038 Zürich"
132,4175,3.5,81,"Lessingstrasse 41, 8002 Zürich"
133,4070,3.5,81,"Lessingstrasse 41, 8002 Zürich"
134,3000,2.5,65,"Brandschenkestrasse 76, 8002 Zürich"
135,1400,5.5,13,"Weinbergstrasse 164, 8006 Zürich"
136,3790,2.5,83,"Hufgasse 19, 8008 Zürich"
137,3116,3.5,72,"Hottingerstrasse 38, 8032 Zürich"
138,1805,1.5,30,"Marktgasse, 8001 Zürich"
139,2680,2.0,52,"8038 Zürich"
140,4300,4.5,133,"Frohburgstrasse, 8057 Zürich"
141,3935,3.5,110,"Zentralstrasse, 8003 Zürich"
142,4500,4.5,90,"Hammerstrasse 42, 8008 Zürich"
143,3995,5.5,112,"Kirchenfeld 55, 8052 Zürich"
144,2950,2.5,54,"Dufourstrasse 71, 8008 Zürich"
145,2645,3.5,80,"Kirchenfeld 59, 8052 Zürich"
146,2720,3.5,0,"Zentralstrasse, 8003 Zürich"
147,2690,2.5,54,"Winzerstrasse 65, 8049 Zürich"
148,3950,2.5,100,"8008 Zürich"
149,5400,4.5,152,"8032 Zürich"
150,2290,1.5,26,"Bäckerstrasse 10, 8004 Zürich"
152,3370,3.5,92,"Münstergasse 9, 8001 Zürich"
153,3250,2.5,61,"Jakob-Fügli-Strasse 2, 8048 Zürich"
154,2750,2.5,70,"Stettbacherrain 12, 8051 Zürich"
155,3470,2.5,85,"Regensdorferstrasse 70B, 8049 Zürich"
156,3980,2.5,54,"Müllerstrasse 57, 8004 Zürich"
157,3570,3.5,96,"Brauerstrasse 4, 8004 Zürich"
158,2850,2.5,71,"Stettbacherrain 16, 8051 Zürich"
159,2990,2.5,79,"Badenerstrasse 843, 8048 Zürich"
160,2950,2.5,69,"Stettbacherrain 16, 8051 Zürich"
161,2890,2.5,71,"Vorhaldenstrasse 17, 8049 Zürich"
162,3340,3.5,80,"Vorhaldenstrasse 17, 8049 Zürich"
163,5485,3.5,152,"Etzelstrasse 3, 8038 Zürich"
164,5940,5.5,127,"General Wille-Strasse 8, 8002 Zürich"
165,6300,3.5,108,"Hofwiesenstrasse 360, 8050 Zürich"
166,4400,3.0,102,"Pfirsichstrasse 7, 8006 Zürich"
167,3780,2.5,109,"Forchstrasse 261, 8032 Zürich"
168,3890,4.5,116,"Stettbacherrain 16, 8051 Zürich"
169,3150,2.5,66,"Stettbacherrain 12, 8051 Zürich"
170,3090,2.5,60,"Birmensdorferstrasse 315, 8055 Zürich"
171,3590,2.5,73,"Schöntalstrasse 20, 8004 Zürich"
172,0,6.5,515,"Dianastrasse 5, 8002 Zürich"
173,2430,3.0,81,"Alfred Escher-Str. 34, 8002 Zürich"
174,4250,3.0,91,"Baslerstrasse 77, 8048 Zürich"
175,3204,2.5,78,"Weinbergstrasse 161, 8006 Zürich"
176,5700,3.5,172,"Zwingliplatz 3, 8001 Zürich"
177,4450,3.5,87,"Ziegeleiweg 12, 8055 Zürich"
178,6980,6.0,0,"Freiestrasse 88, 8032 Zürich"
179,4890,3.5,173,"Albulastrasse 60, 8048 Zürich"
180,3690,2.5,110,"Albulastrasse 60, 8048 Zürich"
181,4780,4.5,132,"Dachslernstrasse 184, 8048 Zürich"
182,3440,3.5,87,"Eugen-Huber-Str. 113, 8048 Zürich"
183,3922,3.5,109,"Leutschenbachstrasse 50/50a, 8050 Zürich"
184,4490,3.5,89,"Ziegeleiweg 14, 8055 Zürich"
185,4490,4.5,117,"Segnesstrasse 12, 8048 Zürich"
186,3590,3.5,101,"Segnesstrasse 8, 8048 Zürich"
187,3601,2.0,81,"Haldenstrasse 14, 8045 Zürich"
188,3780,3.5,86,"Ziegeleiweg 14, 8055 Zürich"
189,3004,4.0,89,"Seestrasse 314, 8038 Zürich"
190,4254,4.5,117,"Käferholzstrasse 60, 8057 Zürich"
191,2950,3.5,92,"Segnesstrasse 9, 8048 Zürich"
192,2125,1.0,23,"Steinstrasse 27, 8003 Zürich"
193,4320,4.5,123,"Birchstrasse 183B, 8050 Zürich"
194,3530,4.0,0,"Schöntalstrasse 31, 8004 Zürich"
195,4680,4.0,110,"Zollikerstr. 23, 8008 Zürich"
196,2560,2.5,53,"Vorhaldenstrasse 17, 8049 Zürich"
197,3990,3.5,82,"Birmensdorferstrasse 315, 8055 Zürich"
198,3990,3.5,83,"Birmensdorferstrasse 313, 8055 Zürich"
199,3890,3.5,78,"Birmensdorferstrasse 313, 8055 Zürich"
200,2340,1.5,53,"Badenerstrasse 686, 8048 Zürich"
201,2930,2.5,75,"Badenerstrasse 682, 8048 Zürich"
202,3150,2.5,82,"Badenerstrasse 682, 8048 Zürich"
203,2590,1.0,141,"Hagenholzstrasse 100, 8050 Zürich"
204,2500,4.0,91,"Samariterstrasse 8, 8032 Zürich"
205,3950,3.5,93,"Ackerstrasse 12, 8005 Zürich"
206,2615,3.5,99,"Geeringstr. 87, 8049 Zürich"
207,3120,2.5,55,"Brahmsstrasse 23, 8003 Zürich"
208,4740,3.5,108,"Badenerstr. 157, 8004 Zürich"
209,2610,1.5,83,"Hohlstr. 511, 8048 Zürich"
210,3600,2.5,86,"Neuhausstrasse 11, 8044 Zürich"
211,5300,5.5,0,"Rieterstrasse 48, 8002 Zürich"
212,3950,2.5,100,"Segnesstrasse 14, 8048 Zürich"
213,3760,3.5,93,"Segnesstrasse 14, 8048 Zürich"
214,3490,3.5,85,"Segnesstrasse 10, 8048 Zürich"
215,3431,2.0,70,"Baslerstrasse 77, 8048 Zürich"
216,2270,4.0,101,"Bauhallengasse 11, 8004 Zürich"
217,2640,2.5,73,"Wibichstrasse 33, 8037 Zürich"
218,4660,2.5,80,"Zeltweg 68, 8032 Zürich"
219,5180,2.5,89,"Zeltweg 68, 8032 Zürich"
220,4970,2.5,107,"Kinkelstrasse 38, 8006 Zürich"
221,2990,2.5,58,"Segnesstrasse 10, 8048 Zürich"
222,4017,4.5,116,"Trichtenhausenstrasse 84, 8053 Zürich"
223,3560,3.5,107,"Spindelstrasse 9, 8041 Zürich"
224,3360,3.5,104,"Spindelstrasse 7, 8041 Zürich"
225,8980,4.5,161,"General Guisan-Quai 36, 8002 Zürich"
226,1600,1.5,23,"Viktoriastrasse 29, 8057 Zürich"
227,3693,3.5,114,"Binzallee 39, 8055 Zürich"
228,2489,3.5,75,"Seestrasse 345, 8038 Zürich"
229,2106,3.5,78,"Buchholzstrasse 110, 8053 Zürich"
230,3220,3.0,88,"Hadlaubstrasse 34, 8044 Zürich"
231,510,1.5,23,"Siewerdtstrasse 75, 8050 Zürich"
232,2450,2.5,60,"Tramstrasse 24, 8050 Zürich"
233,3950,3.5,88,"Ackerstrasse 12, 8005 Zürich"
234,4600,3.5,145,"Asylstrasse 71, 8032 Zürich"
235,3340,2.5,91,"Pfingstweidstrasse 104, 8005 Zürich"
236,2370,2.5,50,"Seebacherstrasse 64, 8052 Zürich"
237,3065,3.5,101,"Maneggpromenade 150, 8041 Zürich"
238,3840,3.5,98,"Badenerstrasse 686, 8048 Zürich"
239,4310,3.5,107,"August-Forel-Strasse 23, 8008 Zürich"
240,2959,2.5,63,"Südstrasse 3, 8008 Zürich"
241,3575,2.5,70,"Hügelstr. 8, 8002 Zürich"
242,3850,4.0,90,"Waffenplatzstrasse 82, 8002 Zürich"
243,4510,4.0,0,"Forsterstrasse 67, 8044 Zürich"
244,2380,2.0,0,"Forsterstrasse 67, 8044 Zürich"
245,6340,5.5,155,"Forsterstrasse 67, 8044 Zürich"
246,4690,4.0,96,"Seefeldstrasse 47, 8008 Zürich"
247,5105,3.5,114,"Fritz Fleiner-Weg 11, 8044 Zürich"
248,3930,2.5,79,"Lavaterstr. 63, 8002 Zürich"
249,2844,2.0,71,"Richard-Wagner-Strasse 23, 8002 Zürich"
250,4430,3.5,120,"Buckhauserstrasse 45, 8048 Zürich"
251,4560,3.5,93,"Stauffacherquai 56, 8004 Zürich"
252,2582,3.0,65,"Querstrasse 15, 8050 Zürich"
253,3445,3.5,84,"Trichtenhausenstrasse 86, 8053 Zürich"
254,4370,4.0,96,"Schulhausstrasse 36, 8002 Zürich"
255,2620,2.5,71,"Eggbühlstrasse 9, 8050 Zürich"
256,2099,2.0,57,"Scheuchzerstrasse 120, 8006 Zürich"
257,1490,1.0,31,"Riedenhaldenstrasse 68, 8046 Zürich"
258,2862,3.5,106,"Reinhold-Frei-Strasse 68, 8049 Zürich"
259,4459,4.0,102,"Baslerstrasse 77, 8048 Zürich"
260,1800,1.5,38,"Josefstr. 129, 8005 Zürich"
261,3685,3.5,98,"Sonnenbergstr. 5, 8032 Zürich"
262,5165,4.5,106,"Wiedingstrasse 87b, 8045 Zürich"
263,2088,2.5,72,"Fellenbergstrasse 289, 8047 Zürich"
264,2933,3.5,97,"Armin-Bollinger-Weg 7, 8050 Zürich"
265,5475,3.5,105,"Bürglistr. 25, 8002 Zürich"
266,3839,3.0,83,"Baslerstrasse 77, 8048 Zürich"
267,4090,4.5,148,"Schaffhauserstrasse 363, 8050 Zürich"
268,2995,2.5,115,"Tulpenstrasse 43, 8051 Zürich"
269,2890,3.5,100,"Hagenholzstrasse 76, 8050 Zürich"
270,3060,2.5,65,"Letzigraben 116, 8047 Zürich"
271,3941,3.5,103,"Scheuchzerstrasse 66, 8006 Zürich"
272,3738,2.5,87,"Karl-Stauffer-Strasse 8, 8008 Zürich"
273,2833,3.5,84,"Hagenholzstrasse 62, 8050 Zürich"
274,2501,2.0,50,"Hohenbühlstrasse 4, 8032 Zürich"
275,3492,3.5,84,"Trichtenhausenstrasse 82, 8053 Zürich"
276,3685,3.5,102,"Birchstrasse 183B, 8050 Zürich"
277,1900,3.0,58,"Ziegelstrasse 12, 8038 Zürich"
278,3045,3.0,63,"Neugasse 41, 8005 Zürich"
279,2410,2.5,76,"Tuchmacherstrasse 34, 8041 Zürich"
280,2638,3.5,75,"Leimgrübelstrasse 16, 8052 Zürich"
281,3450,3.5,74,"Strassburgstrasse 15, 8004 Zürich"
282,3400,4.5,95,"Sonnhaldenstrasse 7, 8032 Zürich"
283,2310,3.0,69,"David Hess-Weg 6, 8038 Zürich"
284,2450,2.5,54,"Hurdäckerstrasse 1a, 8049 Zürich"
285,1560,2.0,63,"Luegislandstrasse 498, 8051 Zürich"
286,4990,3.5,173,"Albulastrasse 60, 8048 Zürich"
287,3245,2.5,98,"Hinterbergstrasse 106, 8044 Zürich"
288,3350,2.5,78,"Feldblumenweg 14, 8048 Zürich"
289,2540,4.0,95,"Oetlisbergstrasse 7, 8053 Zürich"
290,3500,4.0,99,"Witikonerstrasse 93, 8053 Zürich"
291,4470,4.5,101,"Letzigraben 116, 8047 Zürich"
292,3270,3.0,88,"Schneckenmannstrasse 9, 8044 Zürich"
293,3525,2.5,56,"Steinstrasse 27, 8003 Zürich"
294,1930,3.0,60,"Caspar Wüst-Strasse 42, 8052 Zürich"
295,2380,3.0,76,"Waffenplatzstrasse 80, 8002 Zürich"
296,4065,4.0,88,"Schaffhauserstrasse 30, 8006 Zürich"
297,2350,2.0,55,"Steinstrasse 35, 8003 Zurich"
298,3490,3.0,95,"Pflugstr. 20, 8006 Zürich"
299,4590,5.5,147,"Spindelstrasse 15, 8041 Zürich"
300,3815,3.0,84,"Fritz Fleiner-Weg 11, 8044 Zürich"
301,4766,4.5,111,"Limmatquai 86/2, 8001 Zürich"
302,3813,2.5,70,"Jenatschstrasse 5, 8002 Zürich"
303,2641,2.5,58,"Franklinstrasse 12, 8050 Zürich"
304,8980,4.5,161,"General Guisan-Quai 36, 8002 Zürich"
305,3110,2.5,92,"Edisonstrasse 5, 8050 Zürich"
306,5300,3.5,103,"Bürglistr. 25, 8002 Zürich"
307,4660,5.5,147,"Spindelstrasse 15, 8041 Zürich"
308,2600,4.0,97,"Schaffhauserstrasse 457, 8052 Zürich"
309,3939,3.5,75,"Forchstr. 26, 8008 Zürich"
310,5645,5.0,131,"Rigistr. 52, 8006 Zürich"
311,3110,2.5,115,"Tulpenstrasse 43, 8051 Zürich"
312,3410,3.5,73,"Hohlstrasse 27, 8004 Zürich"
313,4410,5.5,130,"Schulstrasse 28, 8050 Zürich"
314,2122,1.5,24,"Hagenholzstrasse 59, 8050 Zürich"
315,2035,1.5,23,"Bernerstrasse S 169, 8048 Zürich"
316,1753,2.0,47,"Gutstrasse 158 160 162, 8055 Zürich"
317,3831,3.5,124,"Eulenweg 19, 8048 Zürich"
318,2420,2.0,44,"Josefstrasse 202, 8005 Zürich"
319,3090,2.5,84,"Albisstrasse 114, 8038 Zürich"
320,2110,3.5,83,"Wildenstrasse 15, 8049 Zürich"
321,2100,2.0,59,"Alfred Escher-Str. 36, 8002 Zürich"
322,2100,2.0,59,"Alfred Escher-Str. 36, 8002 Zürich"
323,2080,2.0,59,"Alfred Escher-Str. 36, 8002 Zürich"
324,1770,1.5,25,"Müllerstrasse 76, 8004 Zürich"
325,2014,2.5,62,"Hätzlergasse 28, 8048 Zürich"
326,2820,2.5,75,"Buckhauserstrasse 49, 8048 Zürich"
327,2874,5.0,97,"Im Sträler 9, 8047 Zürich"
328,1770,2.0,53,"Oerlikonerstr. 3, 8057 Zürich"
329,1895,1.0,27,"Steinstrasse 35 (S3), 8003 Zürich"
330,7500,5.5,155,"Scheuchzerstrasse 79, 8006 Zürich"
331,1461,3.5,61,"Ziegelstrasse 12, 8038 Zürich"
332,2011,2.5,60,"Heerenschürlistrasse 3, 8051 Zürich"
333,1726,1.5,39,"Widmerstrasse 17 A, 8038 Zürich"
334,2760,4.5,88,"Carl-Spitteler-Strasse 19, 8053 Zürich"
335,5750,4.5,158,"Möhrlistrasse 99a, 8006 Zürich"
336,3890,4.5,86,"Bühlstrasse 10, 8055 Zürich"
337,3265,3.5,67,"Hohlstrasse 27, 8004 Zürich"
338,1690,1.5,27,"Hohlstrasse 27, 8004 Zürich"
339,2229,2.0,43,"Hohlstrasse 27, 8004 Zürich"
340,3810,3.5,85,"Forchstr. 26, 8008 Zürich"
341,2160,1.5,42,"Hofwiesenstrasse 360, 8050 Zürich"
342,4800,4.0,118,"Restelbergstrasse 82, 8044 Zürich"
343,3350,2.0,0,"Pestalozzistrasse 38, 8032 Zürich"
344,2890,2.5,68,"Haldenbachstrasse 10, 8006 Zürich"
345,2820,1.0,50,"Hofwiesenstrasse 360, 8050 Zürich"
346,3900,2.5,75,8002 Zürich
347,3500,3.5,87,"Vulkanstrasse 110b, 8048 Zürich"
348,4200,3.5,75,"Badenerstrasse 250, 8004 Zürich"
349,3250,2.5,72,"Jenatschstrasse 3, 8002 Zürich"
350,4650,4.5,119,"Jenatschstrasse 5, 8002 Zürich"
351,3250,2.0,57,"Kanzleistrasse 225, 8004 Zürich"
352,4920,4.5,0,"Hafnerstrasse 24, 8005 Zürich"
353,3930,3.0,88,"Steinhaldenstrasse 62, 8002 Zürich"
354,3590,3.5,72,"Stampfenbachplatz 4, 8006 Zürich"
355,2050,1.5,34,"Fabrikstrasse 32, 8005 Zürich"
356,3505,3.0,83,"Steinstrasse 75, 8003 Zürich"
357,2730,1.5,45,"Zurlindenstrasse 111, 8003 Zürich"
358,3450,2.0,55,"Zurlindenstrasse 111, 8003 Zürich"
359,3495,3.0,84,"Steinstrasse 75, 8003 Zürich"
360,3590,2.5,74,"Segnesstrasse 14, 8048 Zürich"
361,3990,2.5,102,"Aemtlerstr. 17, 8003 Zürich"
362,6639,4.5,130,"Gotthardstrasse 53, 8002 Zürich"
363,6240,3.5,160,"Dreikönigstrasse 31, 8002 Zürich"
364,8590,4.5,178,"Gotthardstrasse 38, 8002 Zürich"
365,6838,4.5,144,"Gotthardstrasse 53, 8002 Zürich"
366,3162,2.5,62,"Jenatschstrasse 3, 8002 Zürich"
367,3151,2.5,60,"Jenatschstrasse 5, 8002 Zürich"
368,4315,3.5,97,"Pfingstweidstrasse 106a, 8005 Zürich"
369,9750,2.5,150,"Rämistr. 5, 8001 Zürich"
370,3390,2.5,73,"Triemlistrasse 153, 8047 Zürich"
371,2320,1.0,39,"Kanzleistrasse 225, 8004 Zürich"
372,2615,3.0,61,"Langackerstr. 10, 8057 Zürich"
373,2990,4.5,124,"Holderbachweg 4, 8046 Zürich"
374,5050,4.5,0,"Rieterstrasse 48, 8002 Zürich"
375,2600,5.5,0,"Langensteinenstrasse 32, 8057 Zürich"
376,2740,2.5,77,"Spindelstrasse 15, 8041 Zürich"
377,3230,2.5,85,"Spindelstrasse 9, 8041 Zürich"
378,2720,3.0,79,"Limmattalstr. 272, 8049 Zürich"
379,2730,2.5,57,"Eugen-Huber-Str. 115, 8048 Zürich"
380,3050,2.0,60,"Feldeggstr. 10, 8008 Zürich"
381,3900,2.0,51,"Franklinstrasse 12, 8050 Zürich"
382,9260,7.5,232,"Cäcilienstr. 5, 8032 Zürich"
383,3150,1.5,36,"Franklinstrasse 12, 8050 Zürich"
384,4827,2.0,57,"Wolframplatz 1, 8045 Zurich"
385,3519,0.0,29,"Wolframplatz 1, 8045 Zurich"
386,4038,0.0,45,"Wolframplatz 1, 8045 Zurich"
387,3000,0.0,26,"Wolframplatz 1, 8045 Zurich"
388,3415,0.0,33,"Wolframplatz 1, 8045 Zurich"
389,2020,1.0,0,"Pestalozzistrasse 38, 8032 Zürich"
390,1921,4.0,73,"Wehntalerstrasse 527, 8046 Zürich"
391,2700,2.5,65,"Zentralstrasse 153, 8003 Zürich"
392,1412,0.0,25,"Rainstrasse 24, 8038 Zürich"
393,2790,3.5,120,"Im Heuried 58, 8055 Zürich"
394,3932,4.5,113,"Etzelsteig 1, 8038 Zürich"
395,2315,3.0,78,"Uetlibergstr. 178, 8045 Zürich"
396,2410,1.5,44,"Anna-Heer-Strasse 12, 8057 Zürich"
397,5740,3.5,115,"Attenhoferstrasse 17, 8032 Zürich"
398,3880,3.5,82,"Neugasse 31, 8005 Zürich"
399,4850,4.5,122,"Scheideggstrasse 125, 8038 Zürich"
400,2430,4.5,116,"Stodolastr. 21, 8053 Zürich"
401,3860,0.0,137,"Giesshübelstrasse 62d, 8045 Zürich"
402,4730,3.5,156,"Giesshübelstrasse 62c, 8045 Zürich"
403,1630,2.0,52,"Eulenweg 29, 8048 Zürich"
404,3890,4.5,108,"Limmattalstrasse 2, 8049 Zürich"
405,4300,3.5,108,"Heidwiesen 19, 8051 Zürich"
406,2130,4.0,71,"Luegislandstrasse 498, 8051 Zürich"
407,3900,3.5,100,"Rötelstrasse 109, 8037 Zürich"
408,2619,2.5,66,"Oberwiesenstrasse 69, 8050 Zürich"
409,2345,4.5,108,"Bachwiesenstr. 121, 8047 Zürich"
410,5850,3.5,103,"Zollikerstrasse 6, 8008 Zürich"
411,3810,5.5,115,"Riedenhaldenstrasse 257, 8046 Zürich"
412,3925,3.5,83,"Seminarstr. 1, 8006 Zürich"
413,3690,4.0,90,"Milchbuckstrasse 74, 8057 Zürich"
414,1980,2.0,52,"Altstetterstrasse 196, 8048 Zürich"
415,2880,3.0,77,"Meinrad-Lienert-Strasse 15, 8003 Zürich"
416,3065,3.5,100,"Tulpenstrasse 43, 8051 Zürich"
417,6490,4.5,130,"Kuttelgasse 15, 8001 Zürich"
418,4870,2.0,55,"Birchstrasse 180, 8050 Zürich"
419,6900,3.0,74,"Birchstrasse 180, 8050 Zürich"
420,3480,2.5,72,"Alfred Escherstr. 66, 8002 Zürich"
421,3405,4.5,115,"Rebstockweg 1, 8049 Zürich"
422,7264,5.5,152,"Tödistr. 5, 8002 Zürich"
423,2850,1.0,26,"Franklinstrasse 12, 8050 Zürich"
424,3500,2.5,60,"Nordstrasse 5, 8006 Zürich"
425,4306,4.5,138,"Freigutstrasse 20, 8002 Zürich"
426,3730,3.5,93,"Kurfirstenstrasse 47, 8002 Zürich"
427,2377,0.0,21,"Rotachstrasse 33, 8003 Zurich"
428,3934,2.0,41,"Wolframplatz 1, 8045 Zurich"
429,2585,0.0,23,"Albertstrasse 7, 8005 Zürich"
430,4223,3.5,108,"Scheideggstrasse 60, 8002 Zürich"
431,2390,2.0,45,"Josefstrasse 200, 8005 Zürich"
432,2810,3.0,0,"Malzstrasse 13, 8045 Zürich"
433,1290,1.0,10,"Manessestrasse, 8045 Zurich"
434,1450,1.0,25,"Winterthurerstrasse 698, 8051 Zürich"
435,2977,4.0,100,"Scheuchzerstrasse 212, 8057 Zürich"
436,2120,4.5,101,"Dennlerstr. 14, 8048 Zürich"
437,1440,1.0,0,"Brandschenkestrasse, 8002 Zürich"
438,1990,2.0,54,"Küngenmatt 15, 8055 Zürich"
439,1190,1.0,17,"Bernerstrasse Nord, 8052 Zürich"
440,3710,2.5,60,"Kalkbreitestrasse 41, 8003 Zürich"
441,2850,3.0,61,"Eichbühlstrasse 64, 8004 Zürich"
442,2225,3.5,76,"Altwiesenstrasse 346, 8051 Zürich"
443,2287,3.0,75,"Rankstrasse 17, 8032 Zürich"
444,2250,3.5,81,"Altwiesenstrasse 346, 8051 Zürich"
445,2385,2.5,55,"Dohlenweg 28, 8050 Zürich"
446,2950,3.5,67,"Scheuchzerstrasse 163, 8057 Zürich"
447,3900,3.5,128,"Leutschenbachstrasse 48 d, 8050 Zürich"
448,3410,3.5,79,"Widmerstrasse 73b, 8038 Zürich"
449,4700,3.5,101,"Dufourstrasse 59, 8008 Zürich"
450,1510,2.0,52,"Goldbrunnenstrasse 120, 8003 Zürich"
451,2770,2.5,0,"Bremgartnerstrasse 79, 8003 Zürich"
452,1939,2.0,47,"Nebelbachstrasse 7, 8008 Zürich"
453,2270,2.5,72,"Welchogasse 5, 8050 Zürich"
454,2720,3.5,81,"Forchstrasse 331/333, 8008 Zürich"
455,1650,1.0,35,"Altstetterstrasse 196, 8048 Zürich"
456,2255,2.5,63,"Ackerstrasse 44, 8005 Zürich"
457,2160,1.5,36,"Zelgstr. 27, 8003 Zürich"
458,3480,3.5,0,"Biberlinstrasse 42, 8032 Zürich"
459,4822,4.5,98,"Am Holbrig 4, 8049 Zürich"
460,4548,3.5,88,"Am Holbrig 2, 8049 Zürich"
461,1530,2.5,63,"Bachwiesenstr. 121, 8047 Zürich"
462,1490,2.0,52,"Goldbrunnenstrasse 120, 8003 Zürich"
463,1635,3.0,51,"Wehntalerstrasse 233B, 8057 Zürich"
464,4279,6.5,130,"Bertastrasse 34, 8003 Zürich"
465,2450,2.0,35,"Eichbühlstrasse 62, 8004 Zürich"
466,3153,2.5,92,"Badenerstrasse 434, 8004 Zürich"
467,4250,3.5,130,"Forchstrasse 150, 8032 Zürich"
468,3900,3.5,120,"Riedenhaldenstrasse 255, 8046 Zürich"
469,3760,5.5,114,"Riedenhaldenstrasse 255, 8046 Zürich"
470,6093,3.5,94,"Hochstrasse 73, 8044 Zürich"
471,2990,4.0,76,"Küngenmatt 11, 8055 Zürich"
472,2990,4.0,76,"Küngenmatt 11, 8055 Zürich"
473,2900,2.5,60,"Freiestr. 12, 8032 Zürich"
474,5060,4.0,110,"Mühlebachstr. 28, 8008 Zürich"
475,2840,5.0,97,"Im Sträler 5, 8047 Zürich"
476,2600,3.0,82,"Kraftstr. 15, 8044 Zürich"
477,4115,3.5,96,"Schaffhauserplatz 3, 8006 Zürich"
478,3390,3.0,77,"Zeltweg 49, 8032 Zürich"
479,3550,3.5,88,"Leutschenbachstrasse 40, 8050 Zürich"
480,3170,3.5,119,"Holderbachweg 59, 8046 Zürich"
481,2131,3.5,91,"Rebstockweg 1, 8049 Zürich"
482,1996,2.5,59,"Karstlernstrasse 12, 8048 Zürich"
483,2900,3.5,80,"Rümlangstrasse 31, 8052 Zürich"
484,2450,5.0,111,"Viktoriastrasse 13, 8057 Zürich"
485,1470,1.0,20,"Herbstweg 5, 8050 Zürich"
486,2710,3.0,65,"Schweighofstrasse 422, 8055 Zürich"
487,2665,3.5,108,"Stodolastrasse 7, 8053 Zürich"
488,3550,2.5,118,"Birmensdorferstr. 572, 8055 Zürich"
489,2910,3.5,78,"Körnerstrasse 10, 8004 Zürich"
490,1900,2.5,67,"Stodolastr. 10, 8053 Zürich"
491,3469,3.5,85,"Regensbergstrasse 30, 8050 Zürich"
492,2420,2.0,66,"Würzwies 9, 8064 Zürich"
493,1861,2.5,47,"Schaffhauserstrasse 455, 8052 Zürich"
494,3065,5.5,144,"Wiesliacher 87, 8053 Zürich"
495,3670,2.5,90,"Alfred Escherstr. 66, 8002 Zürich"
496,5025,2.5,0,"Mühlebachstrasse 28, 8008 Zürich"
497,1846,1.5,43,"Jungholzstrasse 20, 8050 Zürich"
498,2970,2.5,64,"Forchstrasse 84, 8008 Zürich"
499,4200,2.0,54,"Kieselgasse 2, 8008 Zürich"
500,3230,4.0,107,"Max Bill Platz 9, 8050 Zürich"
501,5435,3.5,114,"Pflugstr. 18, 8006 Zürich"
502,2570,3.5,87,"Dennlerstr. 22, 8047 Zürich"
503,2600,2.5,64,"Forchstrasse 150, 8032 Zürich"
504,2600,2.5,54,"Hagenholzstrasse 59, 8050 Zürich"
505,3475,4.5,116,"Wallisellenstrasse 333, 8050 Zürich"
506,2293,2.5,58,"Allenmoosstr.5, 8057 Zürich"
507,4246,0.0,42,"Cramerstrasse 8-12, 8004 Zurich"
508,4235,0.0,70,"Freyastrasse 8, 8004 Zurich"
509,3104,0.0,31,"Wolframplatz 1, 8045 Zurich"
510,5180,0.0,70,"Wolframplatz 1, 8045 Zurich"
511,4038,0.0,38,"Wolframplatz 1, 8045 Zurich"
512,2481,0.0,18,"Wolframplatz 1, 8045 Zurich"
513,2377,0.0,24,"Binzmühlestr. 50, 8050 Zurich"
514,4142,0.0,30,"Bellariastrasse 36, 8002 Zurich"
515,4142,0.0,30,"Bellariastrasse 36, 8002 Zurich"
516,3104,0.0,31,"Bellariastrasse 36, 8002 Zurich"
517,4246,0.0,48,"Cramerstrasse 8-12, 8004 Zurich"
518,2793,0.0,28,"Albertstrasse 7, 8005 Zürich"
519,3552,0.0,26,"Brandschenkestrasse 10, 8001 Zürich"
520,2200,4.0,78,"Langgrütstrasse 95, 8047 Zürich"
521,2026,3.0,75,"Riedhofstrasse 144/146, 8049 Zürich"
522,3440,3.5,72,"Seestrasse 436, 8038 Zürich"
523,3890,4.0,92,"Ceresstrasse 17, 8008 Zürich"
524,2011,0.0,56,"Birchstrasse 98, 8050 Zürich"
525,1386,2.0,53,"Murwiesenstrasse 4, 8057 Zürich"
526,1290,1.0,15,"Wannerstrasse 26, 8045 Zürich"
527,2190,2.5,63,"Friesstrasse 22, 8050 Zürich"
528,2364,2.5,80,"Wallisellenstrasse 333, 8050 Zürich"
529,2390,2.5,59,"Altstetterstrasse 176, 8048 Zürich"
530,2405,3.5,77,"Kügeliloostrasse Gebäude, 8046 Zürich"
531,1780,2.0,64,"Goldbrunnenstrasse 120, 8003 Zürich"
532,7990,2.5,0,"Gustav-Gull-Platz 4, 8004 Zürich"
533,5690,2.5,75,"Schärenmoosstrasse 78, 8052 Zürich"
534,6790,2.5,60,"Baurstrasse 29, 8008 Zürich"
535,1990,2.5,56,"Küngenmatt 7, 8055 Zürich"
536,3980,3.0,110,"Storchengasse 17, 8001 Zürich"
537,2390,3.0,67,"Manessestrasse 94, 8045 Zürich"
538,1745,2.0,50,"Güetliweg 3, 8050 Zürich"
539,4850,3.5,103,"Färberstrasse 28, 8008 Zürich"
540,1665,1.5,24,"Herrligweg 9, 8048 Zürich"
541,1940,2.5,86,"Im Tiergarten 25, 8055 Zürich"
542,2330,4.5,108,"Bachwiesenstr. 121, 8047 Zürich"
543,5163,4.5,0,"Scheuchzerstrasse 62, 8006 Zürich"
544,2224,2.5,55,"Albisriederstrasse 170, 8003 Zürich"
545,3040,3.5,78,"Auwiesenstrasse 27, 8050 Zürich"
546,4490,4.5,125,"Rossackerstrasse 123, 8047 Zürich"
547,1950,1.5,0,"Sihlfeldstrasse 83, 8004 Zürich"
548,2219,2.0,59,"Militärstrasse 114, 8004 Zürich"
549,2240,2.5,53,"Auwiesenstrasse 27, 8050 Zürich"
550,2450,2.0,61,"Grüngasse 2, 8004 Zürich"
551,3300,2.5,92,"Hochstrasse 73, 8044 Zürich"
552,1855,2.0,53,"Wehntalerstrasse 580, 8046 Zürich"
553,1990,2.5,52,"Im Heuried 56, 8055 Zürich"
554,7300,3.5,0,"Kreuzstrasse 39, 8008 Zürich"
555,3000,3.0,70,"Rieterstrasse 11, 8002 Zürich"
556,4272,3.5,83,"Walchestrasse 17, 8006 Zürich"
557,1940,3.5,70,"Überlandstrasse 371, 8051 Zürich"
558,2700,2.5,59,"Leutschenbachstrasse 40, 8050 Zürich"
559,3550,4.0,91,"Wernerstrasse 21, 8038 Zürich"
560,7800,5.5,212,"Freiestrasse 182, 8032 Zürich"
561,2750,3.0,68,"Bederstr. 101, 8002 Zürich"
562,2515,3.5,89,"Bauherrenstr. 50, 8049 Zürich"
563,3170,3.0,79,"Hegibachstrasse 90, 8032 Zürich"
564,2220,1.5,38,"Rindermarkt 8, 8001 Zürich"
565,5290,4.5,131,"Im Trichtisal 9a, 8053 Zürich"
566,8390,4.5,0,"Susenbergstrasse 90, 8044 Zürich"
567,2139,1.5,31,"Herrligweg 9, 8048 Zürich"
568,2490,2.5,65,"Jungstrasse 8, 8050 Zürich"
569,4960,3.5,97,"Mythenquai 349a, 8038 Zürich"
570,1840,1.0,38,"Uetlibergstr. 172, 8045 Zürich"
571,2590,2.5,56,"Schulhausstrasse 53, 8002 Zürich"
572,3125,3.5,0,"Hügelstrasse 13, 8002 Zürich"
573,2750,1.5,53,"Buchholzstrasse 19, 8053 Zürich"
574,3420,3.5,67,"Hohlstrasse 27, 8004 Zürich"
575,2734,2.5,0,"Balgriststrasse 6, 8008 Zürich"
576,4680,2.5,113,"Mythenquai 353, 8038 Zürich"
577,4890,2.5,75,"Schärenmoosstrasse 78, 8052 Zürich"
578,2730,2.5,54,"Russenweg 8, 8008 Zürich"
579,3850,4.5,101,"Meier-Bosshard-Strasse 9, 8048 Zürich"
580,2580,2.5,57,"Meier-Bosshard-Strasse 9, 8048 Zürich"
581,3440,2.5,75,"Rötelstrasse 15, 8006 Zürich"
582,7400,4.5,147,"Rötelstrasse 15, 8006 Zürich"
583,5340,3.5,95,"Forchstrasse 239 / 241, 8032 Zürich"
584,3995,6.5,200,"Kirchenfeld 59, 8052 Zürich"
585,3450,3.5,75,"Hardplatz 19, 8004 Zürich"
586,4453,0.0,40,"Gerechtigkeitsgasse 8, 8001 Zurich"
587,4142,0.0,40,"Bellariastrasse 36, 8002 Zurich"
588,4142,0.0,44,"Bellariastrasse 36, 8002 Zurich"
589,4339,2.0,49,"Rotachstrasse 33, 8003 Zurich"
590,1962,0.0,14,"Rotachstrasse 33, 8003 Zurich"
591,2585,0.0,19,"Cramerstrasse 8-12, 8004 Zurich"
592,3519,2.0,32,"Wolframplatz 1, 8045 Zurich"
593,2377,0.0,24,"Binzmühlestr. 48, 8050 Zurich"
594,4453,0.0,80,"Binzmühlestr. 48, 8050 Zurich"
595,3208,0.0,34,"Binzmühlestr. 50, 8050 Zurich"
596,3311,0.0,25,"Rotachstrasse 33, 8003 Zurich"
597,5273,0.0,63,"Bellariastrasse 36, 8002 Zurich"
598,4246,0.0,38,"Cramerstrasse 2-6, 8004 Zurich"
599,2689,0.0,19,"Cramerstrasse 8-12, 8004 Zurich"
600,4858,2.0,54,"Cramerstrasse 8-12, 8004 Zurich"
601,3315,0.0,21,"Brandschenkestrasse 10, 8001 Zürich"
602,3433,0.0,26,"Brandschenkestrasse 10, 8001 Zürich"
603,1190,1.0,12,"Limmattalstrasse, 8049 Zürich"
604,4890,3.5,85,"Wartauweg 19, 8049 Zürich"
605,1210,1.0,11,"Birchstrasse, 8050 Zürich"
606,1240,1.0,20,"Auhofstrasse, 8051 Zürich"
607,3860,5.5,160,"Bremgartnerstrasse 66, 8003 Zürich"
608,3160,2.0,83,"Pfingstweidstrasse 94, 8005 Zürich"
610,4550,3.5,85,"Brandschenkestrasse 177, 8002 Zürich"
611,7490,3.5,155,"Freiestrasse 101, 8032 Zürich"
612,5800,2.5,270,8005 Zürich
613,2290,3.5,66,"Riedenhaldenstrasse 260, 8046 Zürich"
614,2990,3.5,79,"Schöneggstrasse 15, 8004 Zürich"
615,1100,1.0,18,"Burstwiesenstrasse, 8055 Zürich"
616,6975,6.5,150,"Glockengasse 8, 8001 Zürich"
617,6975,5.5,150,"Glockengasse 8, 8001 Zürich"
618,2090,2.0,69,"Im Tiergarten 26, 8055 Zürich"
619,2425,2.5,49,"Restelbergstrasse 7, 8044 Zürich"
620,3580,2.5,0,"Sonnenbergstrasse 16, 8032 Zürich"
621,4590,3.5,0,"Sonnenbergstrasse 16, 8032 Zürich"
622,3790,3.5,87,8050 Zürich
623,3980,3.5,89,"Schaffhauserstrasse 486, 8052 Zürich"
624,2490,3.0,77,"Mühlehaldensteig 3, 8032 Zürich"
625,1990,2.5,52,"Küngenmatt 5, 8055 Zürich"
626,2703,2.5,0,"Herrligweg 9, 8048 Zürich"
627,3560,4.5,106,"Frankentalerstrasse 37, 8049 Zürich"
628,4190,4.5,0,"Lindenbachstrasse 34, 8006 Zürich"
629,3330,2.5,76,"Regensbergstrasse 1, 8050 Zürich"
630,4280,4.5,92,"Bederstrasse 70, 8002 Zürich"
631,4390,4.5,104,"Fröbelstrasse 33, 8032 Zürich"
632,2600,2.5,0,"Rotbuchstrasse 26, 8037 Zürich"
633,3370,3.5,90,"Heidwiesen 19, 8051 Zürich"
634,2500,2.5,50,"Winzerstrasse 89, 8049 Zürich"
635,3892,2.5,79,"Langstrasse 13, 8004 Zürich"
636,2540,1.5,45,"Mythenquai 349a, 8038 Zürich"
637,2850,0.0,73,"Stadelhoferstrasse 28, 8001 Zürich"
638,2666,2.0,38,"Hochfarbstrasse 14, 8006 Zürich"
639,3600,3.5,107,"Saumackerstrasse 92, 8048 Zürich"
640,2800,3.5,81,"Soodstrasse 88, 8041 Zürich"
641,5600,3.5,123,"Aurorastrasse 4, 8032 Zürich"
642,3780,2.5,111,"Grüngasse 41, 8004 Zürich"
643,2410,1.5,39,"Forchstrasse 239 / 241, 8032 Zürich"
644,3100,2.5,62,"Forchstrasse 239 / 241, 8032 Zürich"
645,2570,2.5,60,"Vulkanplatz 7, 8048 Zürich"
646,2664,3.5,93,"Grosswiesenstrasse 165, 8051 Zürich"
647,5163,4.5,147,8006 Zürich
648,3850,4.5,110,8032 Zürich
649,2625,2.0,54,"Elsastrasse 16, 8004 Zürich"
650,3104,0.0,24,"Gerechtigkeitsgasse 8, 8001 Zurich"
651,4246,1.0,36,"Gerechtigkeitsgasse 8, 8001 Zurich"
652,5076,2.0,46,"Gerechtigkeitsgasse 8, 8001 Zurich"
653,3104,0.0,23,"Gerechtigkeitsgasse 8, 8001 Zurich"
654,3415,0.0,30,"Gerechtigkeitsgasse 8, 8001 Zurich"
655,6332,2.0,86,"Bellariastrasse 36, 8002 Zurich"
656,3104,0.0,31,"Bellariastrasse 36, 8002 Zurich"
657,3104,0.0,38,"Waffenplatzstrasse 72, 8002 Zurich"
658,4245,0.0,108,"Waffenplatzstrasse 72, 8002 Zurich"
659,2066,0.0,12,"Waffenplatzstrasse 72, 8002 Zurich"
660,2377,0.0,20,"Waffenplatzstrasse 72, 8002 Zurich"
661,2066,0.0,14,"Cramerstrasse 8-12, 8004 Zurich"
662,3000,0.0,25,"Cramerstrasse 8-12, 8004 Zurich"
663,4246,2.0,46,"Cramerstrasse 2-6, 8004 Zurich"
664,2066,0.0,18,"Cramerstrasse 2-6, 8004 Zurich"
665,2585,0.0,22,"Cramerstrasse 2-6, 8004 Zurich"
666,2585,0.0,28,"Freyastrasse 8, 8004 Zurich"
667,2896,0.0,33,"Freyastrasse 8, 8004 Zurich"
668,2793,0.0,24,"Militärstrasse 24, 8004 Zurich"
669,2170,0.0,15,"Militärstrasse 24, 8004 Zurich"
670,3830,0.0,30,"Militärstrasse 24, 8004 Zurich"
671,4453,0.0,41,"Militärstrasse 24, 8004 Zurich"
672,4246,0.0,43,"Militärstrasse 24, 8004 Zurich"
673,4246,0.0,36,"Militärstrasse 24, 8004 Zurich"
674,1962,0.0,15,"Binzmühlestr. 46, 8050 Zurich"
675,2481,0.0,22,"Binzmühlestr. 46, 8050 Zurich"
676,3934,0.0,51,"Binzmühlestr. 46, 8050 Zurich"
677,1962,0.0,17,"Binzmühlestr. 48, 8050 Zurich"
678,3208,0.0,36,"Binzmühlestr. 48, 8050 Zurich"
679,1962,0.0,22,"Binzmühlestr. 50, 8050 Zurich"
680,3208,0.0,28,"Cramerstrasse 2-6, 8004 Zurich"
681,2689,0.0,28,"Freyastrasse 8, 8004 Zurich"
682,3000,0.0,33,"Freyastrasse 8, 8004 Zurich"
683,3000,0.0,24,"Rotachstrasse 33, 8003 Zurich"
684,2585,0.0,23,"Binzmühlestr. 46, 8050 Zurich"
685,2170,0.0,22,"Binzmühlestr. 46, 8050 Zurich"
686,3104,0.0,36,"Binzmühlestr. 48, 8050 Zurich"
687,3415,3.0,60,"Binzmühlestr. 48, 8050 Zurich"
688,4349,0.0,36,"Gerechtigkeitsgasse 8, 8001 Zurich"
689,2170,0.0,16,"Gerechtigkeitsgasse 8, 8001 Zurich"
690,4142,2.0,37,"Cramerstrasse 2-6, 8004 Zurich"
691,2689,0.0,20,"Cramerstrasse 2-6, 8004 Zurich"
692,2170,0.0,16,"Cramerstrasse 8-12, 8004 Zurich"
693,4349,0.0,38,"Militärstrasse 24, 8004 Zurich"
694,2896,0.0,26,"Militärstrasse 24, 8004 Zurich"
695,2481,0.0,20,"Waffenplatzstrasse 72, 8002 Zurich"
696,3623,0.0,53,"Binzmühlestr. 50, 8050 Zurich"
697,2602,0.0,14,"Brandschenkestrasse 10, 8001 Zürich"
698,3208,0.0,22,"Zweierstrasse 24, 8004 Zurich"
699,3415,0.0,28,"Zweierstrasse 24, 8004 Zurich"
700,2170,0.0,18,"Zweierstrasse 24, 8004 Zurich"
701,3000,0.0,22,"Zweierstrasse 24, 8004 Zurich"
702,2066,0.0,12,"Albertstrasse 7, 8005 Zürich"
703,3104,0.0,25,"Albertstrasse 7, 8005 Zürich"
704,2490,3.0,67,"Bockhornstrasse 15, 8047 Zürich"
705,5390,4.5,105,"Wartauweg 19, 8049 Zürich"
706,2490,3.0,0,"Burstwiesenstrasse 73, 8055 Zürich"
707,1190,1.0,17,"Schwandenholzstrasse, 8046 Zürich"
708,1350,1.0,20,"Kirchenfeld, 8052 Zürich"
709,2540,2.5,89,"Eulenweg 23, 8048 Zürich"
710,5870,3.5,113,8008 Zürich
711,3204,2.5,60,"Alfred-Escher-Strasse 70, 8002 Zürich"
712,3850,4.5,0,"Hungerbergstrasse 7, 8046 Zürich"
713,3300,3.5,90,"Allmannstrasse 55, 8052 Zürich"
714,2500,2.0,75,"Stampfenbrunnenstrasse 38, 8048 Zürich"
715,2590,2.0,50,"Köchlistrasse 10, 8004 Zürich"
716,5500,4.5,124,"Narzissenstrasse 7, 8006 Zürich"
717,4250,4.0,90,"Nordstrasse 198, 8037 Zürich"
718,4450,4.5,135,8048 Zürich
719,3950,3.5,97,8037 Zürich
720,3900,3.0,72,8002 Zürich
721,4050,2.0,166,8047 Zürich
722,3750,2.5,72,8008 Zürich
723,5440,4.5,106,"Zurlindenstrasse 134, 8003 Zürich"
724,8925,8.5,250,8006 Zürich
725,2450,3.5,66,"Salerstrasse 21, 8050 Zürich"
726,2701,2.5,58,"Schaffhauserstrasse 453, 8052 Zürich"
727,4764,3.0,87,8001 Zürich
728,5300,3.5,138,"Bederstrasse 109, 8002 Zürich"
729,1980,3.0,65,"Dubsstrasse 42, 8003 Zürich"
730,8925,8.5,250,"Germaniastrasse 15, 8006 Zürich"
731,3050,1.0,65,"Weinbergstrasse 44, 8006 Zürich"
732,3990,4.0,127,"Letzistrasse 15, 8006 Zürich"
733,2490,1.0,72,"Sihlhallenstrasse 30, 8004 Zürich"
734,4800,5.0,140,8032 Zürich
735,7522,4.5,149,"Carmenstrasse 24, 8032 Zürich"
736,5939,3.5,121,"Othmarstrasse 8, 8008 Zürich"
737,5200,3.5,97,"Pestalozzistrasse 34, 8032 Zürich"
738,3020,2.5,74,"Zollikerstrasse 275, 8008 Zürich"
739,3534,3.5,86,"Leutschenbachstrasse 30, 8050 Zürich"
740,3490,3.5,0,"Talchernsteig 1, 8049 Zürich"
741,2090,1.5,36,"Hottingerstrasse 27, 8032 Zürich"
742,3039,3.0,80,"Schaffhauserstrasse 5, 8006 Zürich"
743,4980,4.5,107,"Germaniastrasse 40, 8006 Zürich"
744,3655,3.5,101,"Leutschenbachstrasse 42, 8050 Zürich"
745,3700,3.5,80,"Forchstrasse 271, 8008 Zürich"
746,2800,5.5,0,"Wehntalerstrasse 253, 8046 Zürich"
747,1060,1.0,11,"Badenerstrasse, 8003 Zürich"
748,1360,1.0,29,"Mattackerstrasse 11, 8052 Zürich"
749,6290,3.5,90,"Lavaterstrasse 61, 8002 Zürich"
750,4600,5.0,121,"Winterthurerstrasse 40, 8006 Zürich"
751,2888,2.5,50,"Dufourstrasse 153, 8008 Zürich"
752,2665,3.5,80,"Asylstrasse 106, 8032 Zürich"
753,3740,3.5,101,"Schaffhauserstrasse 486, 8052 Zürich"
754,3490,3.5,78,"Dennlerstrasse 9, 8048 Zürich"
755,1732,3.0,0,"Herbstweg 71, 8050 Zürich"
756,5273,0.0,66,"Bellariastrasse 36, 8002 Zurich"
757,3519,0.0,50,"Waffenplatzstrasse 72, 8002 Zurich"
758,4754,2.0,54,"Cramerstrasse 8-12, 8004 Zurich"
759,3208,0.0,80,"Hardstrasse 236/238, 8005 Zurich"
760,4235,3.0,80,"Hardstrasse 236/238, 8005 Zurich"
761,2481,0.0,22,"Albertstrasse 7, 8005 Zürich"
762,1370,1.0,26,"Hegibachstrasse, 8032 Zurich"
763,3890,3.5,66,"Nordstrasse 198, 8037 Zürich"
764,2640,3.0,84,"Ohmstrasse 6, 8050 Zürich"
765,1050,1.0,14,"Auhofstrasse, 8051 Zürich"
766,2490,3.0,77,"Dörflistrasse 31, 8057 Zürich"
767,3840,3.0,72,"Freiestrasse 44, 8032 Zürich"
768,2300,2.5,57,"Stampfenbrunnenstrasse 28, 8048 Zürich"
769,2050,2.0,34,"Friedackerstrasse 7, 8050 Zürich"
770,3300,1.0,107,"Lessingstr. 7, 8002 Zürich"
771,3090,3.0,68,"Nordstrasse 88, 8037 Zürich"
772,1990,2.5,63,"Neunbrunnenstrasse 194, 8046 Zürich"
773,3550,3.0,85,"Nordstrasse 98, 8037 Zürich"
774,3090,3.0,68,"Weizenstrasse 6, 8037 Zürich"
775,4679,3.5,98,"Alfred-Escher-Strasse 70, 8002 Zürich"
776,1568,1.0,31,"Dienerstrasse 20, 8004 Zürich"
777,2300,2.5,0,"Hungerbergstrasse 9, 8046 Zürich"
778,3195,2.5,62,"Rosengartenstrasse 55, 8037 Zürich"
779,1790,2.5,59,"Neunbrunnenstrasse 180, 8046 Zürich"
780,2870,2.5,63,"Mutschellenstrasse 65, 8038 Zürich"
781,3150,3.0,96,"Stampfenbrunnenstrasse 38, 8048 Zürich"
782,2700,2.0,82,"Stampfenbrunnenstrasse 38, 8048 Zürich"
783,2840,4.0,107,"Im Tiergarten 53, 8055 Zürich"
784,2740,2.5,49,"Seestrasse 293, 8038 Zürich"
785,3300,3.0,0,"Langackerstrasse 18, 8057 Zürich"
786,2707,2.5,0,"Heinrich-Federer-Strasse 4, 8038 Zürich"
787,2245,3.5,68,"Bristenstr. 27, 8048 Zürich"
788,2340,2.5,76,"Eulenweg 23, 8048 Zürich"
789,2570,2.5,88,"Eulenweg 27, 8048 Zürich"
790,2990,3.0,64,"Kornhausstrasse 29, 8037 Zürich"
791,4410,4.5,91,"Eibenstrasse 18, 8045 Zürich"
792,2720,2.5,54,"Eibenstrasse 20, 8045 Zürich"
793,3270,3.5,70,"Eibenstrasse 18, 8045 Zürich"
794,2157,2.5,52,"Sihlhallenstrasse 11, 8004 Zürich"
795,2021,3.5,82,"Auwiesenstrasse 39, 8050 Zürich"
796,2460,3.5,86,"Luegislandstrasse 84, 8051 Zürich"
797,1550,1.0,34,"Hugostrasse 9, 8050 Zürich"
798,2990,2.5,0,"Haldenstrasse 167, 8055 Zürich"
799,3690,3.5,0,"Haldenstrasse 167, 8055 Zürich"
800,3380,2.5,91,"Bächtoldstrasse 2, 8044 Zürich"
801,2700,3.0,0,"Weststrasse 148, 8003 Zürich"
802,3900,4.0,127,"Witikonerstrasse 311b, 8053 Zürich"
803,3790,3.0,83,"Hufgasse 19, 8008 Zürich"
804,1850,3.0,56,"Balberstrasse 68, 8038 Zürich"
805,3299,2.5,0,"Sonnentalstrasse 15, 8000 Zurich"
806,2770,3.0,83,"Restelbergstrasse 52, 8044 Zürich"
807,2580,2.5,67,"Hagenholzstrasse 55, 8050 Zürich"
808,3490,3.5,94,8041 Zürich
809,3100,3.0,0,"David-Hess-Weg 26, 8038 Zürich"
810,1148,1.0,0,"Culmannstr. 45, 8006 Zürich"
811,1390,2.5,65,"Am Wettingertobel 1, 8049 Zürich"
812,2290,3.0,66,"Riedenhaldenstrasse 260, 8046 Zürich"
813,3010,2.5,80,"Brandschenkestrasse 40, 8002 Zürich"
814,2350,1.5,44,"Forchstrasse 271, 8008 Zürich"
815,2860,3.5,74,"Kirchenfeld 75, 8052 Zürich"
816,3710,3.5,86,"Leutschenbachstrasse 30, 8050 Zürich"
817,1190,1.0,14,"Birchstrasse, 8050 Zürich"
818,2900,4.5,90,"Allmannstrasse 22, 8052 Zürich"
819,1390,1.0,28,"Langwiesstrasse 25, 8050 Zürich"
820,4038,2.0,37,"Cramerstrasse 2-6, 8004 Zurich"
821,3311,0.0,34,"Binzmühlestr. 50, 8050 Zurich"
822,3104,0.0,39,"Binzmühlestr. 50, 8050 Zurich"
823,2602,0.0,16,"Brandschenkestrasse 10, 8001 Zürich"
824,3716,0.0,44,"Bellariastrasse 36, 8002 Zurich"
825,3820,0.0,46,"Bellariastrasse 36, 8002 Zurich"
826,3000,0.0,24,"Militärstrasse 24, 8004 Zurich"
827,3415,0.0,24,"Zweierstrasse 24, 8004 Zurich"
828,1962,0.0,0,"Rotachstrasse 33, 8003 Zurich"
829,1200,1.0,15,"Katzenbachstrasse, 8052 Zürich"
830,3330,1.5,48,"Seefeldstrasse 102, 8008 Zürich"
831,4890,3.5,85,8037 Zürich
832,4660,5.0,130,"Bergstrasse 116, 8032 Zürich"
833,1250,1.0,16,"Stiglenstrasse, 8052 Zurich"
834,2630,2.5,76,"Greifenseestrasse 33, 8050 Zürich"
835,2975,2.5,54,"Stampfenbachstrasse 68, 8006 Zürich"
836,5600,5.5,141,"Apollostrasse 21, 8032 Zürich"
837,5490,3.5,141,"Rosenbühlstrasse 30, 8044 Zürich"
838,3550,2.5,79,"Witikonerstrasse 486, 8053 Zürich"
839,2490,3.0,84,"Im Tiergarten 54, 8055 Zürich"
840,1433,1.0,13,"Anwandstrasse 10, 8004 Zürich"
841,4830,2.5,93,"Götzstrasse 19, 8006 Zürich"
842,2290,2.5,53,"Milchbuckstrasse 7, 8057 Zürich"
843,3090,3.5,70,"Milchbuckstrasse 7, 8057 Zürich"
844,3600,2.5,72,"Milchbuckstrasse 7, 8057 Zürich"
845,2030,2.0,47,"Milchbuckstrasse 7, 8057 Zürich"
846,2490,3.0,92,"Im Tiergarten 17, 8055 Zürich"
847,2540,3.5,100,"Im Tiergarten 17, 8055 Zürich"
848,2650,3.5,71,"Austrasse 41, 8045 Zürich"
849,3290,4.0,77,"Haldenstrasse 159, 8055 Zürich"
850,3480,2.5,81,"Frohalpstrasse 48, 8038 Zürich"
851,3090,3.0,68,"Nordstrasse 96, 8037 Zürich"
852,2430,1.5,29,"Bäckerstrasse 10, 8004 Zürich"
853,1960,1.0,22,"Bäckerstrasse 10, 8004 Zürich"
854,2730,1.5,40,"Bäckerstrasse 10, 8004 Zürich"
855,2590,2.0,0,"Eibenstrasse 21, 8045 Zürich"
856,2090,2.0,50,"Bändlistrasse 69, 8064 Zürich"
857,2950,3.0,63,"Haldenstrasse 159, 8055 Zürich"
858,2550,2.5,48,"Birmensdorferstrasse 582, 8055 Zürich"
859,1400,2.0,44,"Magnusstrasse 8, 8004 Zürich"
860,1290,1.0,20,8045 Zürich
861,6450,6.5,180,8006 Zürich
862,5994,4.5,160,"Sonneggstrasse 4, 8006 Zürich"
863,2130,3.0,0,"Wehntalerstrasse 296, 8046 Zürich"
864,3050,4.0,116,"Grossackerstrasse 37, 8041 Zürich"
865,1100,1.0,0,"Rolandstr. 17, 8004 Zürich"
866,3659,3.0,70,"Kirchgasse 33, 8001 Zürich"
867,3980,4.0,101,"Eierbrechtstrasse 42, 8053 Zürich"
868,2625,2.5,68,"Oerlikonerstrasse 55, 8057 Zürich"
869,5520,4.5,115,"Albisriederstrasse 17, 8003 Zürich"
870,9900,6.5,203,"Hofstrasse 74, 8032 Zürich"
871,2753,2.5,60,"Russenweg 6, 8008 Zürich"
872,5800,4.5,140,8050 Zürich
873,3890,3.5,90,"Albisriederstrasse 15, 8003 Zürich"
874,3950,3.5,0,"Badenerstrasse 543, 8048 Zürich"
875,3452,2.5,95,"Klosbachstrasse 54, 8032 Zürich"
876,3300,2.5,63,8008 Zürich
877,3690,3.5,96,"Wolfbachstrasse 18, 8032 Zürich"
878,2890,3.0,54,"Seestrasse 293, 8038 Zürich"
879,3000,4.5,97,"Soodstrasse 88a, 8041 Zürich"
880,2100,1.5,42,8044 Zürich
881,2662,2.5,56,"Langstrasse 231, 8005 Zürich"
882,2290,2.0,0,"Dennlerstrasse 11a, 8048 Zurich"
883,4500,4.0,110,"Schulhausstrasse, 8002 Zürich"
884,1866,2.0,0,"Letzigraben 69, 8003 Zürich"
885,2792,0.0,21,"Militärstrasse 24, 8004 Zurich"
886,3895,2.5,41,"Grimselstrasse 2, 8048 Zürich"
887,1310,1.0,16,"Langfurren, 8057 Zürich"
888,2357,2.5,60,"Buchzelgstrasse 28, 8053 Zürich"
889,1750,2.5,50,"Hurdäckerstrasse 3, 8049 Zürich"
890,3050,3.0,65,"Moränenstrasse 7, 8038 Zürich"
891,3960,4.5,100,"Limmattalstrasse 266, 8049 Zürich"
892,3990,3.5,97,"Scheideggstrasse, 8002 Zürich"
893,2121,1.0,34,"Asylstrasse 108, 8032 Zürich"
894,2500,2.5,0,"Waffenplatzstrasse 15, 8002 Zürich"
895,2150,3.0,64,8052 Zürich
896,4380,2.5,88,"Götzstrasse 21, 8006 Zürich"
897,950,1.0,0,"Schwamendingenstr. 48, 8050 Zürich"
898,3284,3.0,74,"Aemtlerstrasse 32, 8003 Zürich"
899,2310,2.5,45,8004 Zürich
900,2200,3.5,76,"Friedrichstrasse 6, 8051 Zürich"
901,4300,3.5,135,8005 Zürich
902,2174,3.5,74,"Gagliardiweg 1, 8050 Zürich"
903,2088,3.0,76,"Friedrichstrasse 4, 8051 Zürich"
904,3099,2.0,0,"Sonnentalstrasse 13, 8000 Zurich"
905,2970,2.5,71,"Albisstrasse 62, 8038 Zürich"
906,3000,3.5,76,8004 Zürich
907,3000,3.5,76,8004 Zürich
908,3000,3.5,76,8004 Zürich
909,4268,3.5,72,8045 Zürich
910,4000,4.5,80,8004 Zürich
911,3190,3.5,65,"Rolandstrasse 3, 8004 Zürich"
912,4990,2.5,0,"Stampfenbachstrasse 146, 8006 Zürich"
913,3890,3.5,86,"Othmarstrasse 20, 8008 Zürich"
914,2900,2.5,82,"Wolfbachstrasse 18, 8032 Zürich"
915,0,5.5,236,8008 Zürich
916,2200,1.5,44,"Carl Spitteler-Strasse 70, 8053 Zürich"
917,3400,3.5,90,"Verena-Conzett-Strasse 21, 8004 Zürich"
918,3390,4.5,67,"Rolandstrasse 3, 8004 Zürich"
919,1870,1.0,24,"Zielweg 80, 8055 Zürich"
920,2550,2.5,46,"Chaletweg 3, 8050 Zürich"
921,1150,1.0,22,"Beckhammer 19, 8057 Zürich"
922,3394,3.5,88,"Kernstrasse 26, 8004 Zürich"
923,1471,1.0,30,"Zurlindenstrasse 45, 8003 Zürich"
924,1692,2.5,65,"Eichrainstrasse 12, 8052 Zürich"
925,2990,2.5,96,"Seestrasse 510, 8038 Zürich"
926,3700,3.5,93,"Anwandstrasse 8, 8004 Zürich"
927,3275,4.5,100,"Sperletweg 56, 8052 Seebach"
928,2292,2.5,55,"Ottenbergstrasse 33, 8049 Zürich"
929,2919,3.0,75,"Rotbuchstrasse 28, 8037 Zürich"
930,4160,3.5,100,"Hallwylstrasse 64, 8004 Zürich"
931,4485,4.5,96,"Welchogasse 8, 8050 Zürich"
932,3484,3.5,65,"Welchogasse 8, 8050 Zürich"
933,2020,1.5,39,"Lehenstrasse 64, 8037 Zürich"
934,1150,1.0,0,"Scheffelstrasse 11, 8037 Zürich"
935,2250,2.0,52,"Kanzleistrasse 225, 8004 Zürich"
936,2490,3.0,77,"Dörflistrasse 31, 8057 Zurigo"
937,2560,2.0,52,"Stationsstrasse 47, 8003 Zürich"
938,1490,1.0,20,8004 Zürich
939,2310,2.5,46,8004 Zürich
940,1271,1.5,30,"Holderbachweg 14, 8046 Zürich"
941,2154,3.0,76,"Birnbaumstrasse, 8050 Zürich"
942,5490,5.5,141,"Limmattalstrasse 262, 8049 Zürich"
943,1200,1.0,15,"Ackersteinstrasse 123, 8049 Zürich"
944,3100,2.5,63,"Jakob-Fügli-Strasse 2, 8048 Zürich"
945,2380,2.5,56,"Anemonenstrasse 40 E, 8047 Zürich"
946,2960,2.5,69,"Siewerdtstrasse 15, 8050 Zürich"
947,3790,3.5,88,"Leutschenbachstrasse 40, 8050 Zürich"
948,1100,1.0,0,"Hofwiesenstrasse 299, 8050 Zürich"
949,2742,4.5,136,"Ferdinand-Hodler-Strasse 7, 8049 Zürich"
950,8850,5.5,180,8006 Zurich
951,2870,3.5,75,"Guetliweg 1, 8050 Zürich"
952,1350,1.5,0,"Beckenhofstrasse 15, 8006 Zürich"
953,3485,3.5,95,"am Holbrig 9, 8049 Zürich"
954,1510,1.5,32,"Fellenbergstrasse 166, 8047 Zürich"
955,3367,3.5,0,"Martastrasse 137, 8003 Zürich"
956,3800,4.5,98,"Mimosenstrasse 1, 8057 Zürich"
957,3400,4.5,98,"Mühlackerstrasse 77, 8046 Zürich"
958,1395,1.0,25,"Drahtzugstrasse 21, 8008 Zürich"
959,4700,3.5,141,"Pfingstweidstrasse 98, 8005 Zürich"
960,2900,2.5,64,"Ausstellungsstrasse 110, 8005 Zürich"
961,2980,2.5,0,"Brandschenkesteig 2, 8002 Zürich"
962,6700,4.5,125,"Spyristrasse 32, 8044 Zürich"
963,4480,3.5,93,"Girhaldenstrasse 71, 8048 Zürich"
964,3080,3.0,69,"Birmensdorferstrasse 188, 8003 Zürich"
965,5210,6.0,150,"Bergstrasse 76, 8032 Zürich"
966,0,4.5,144,"Goldbrunnenstrasse, 8055 Zürich"
967,2015,2.0,40,"Ettenfeldstrasse 1, 8052 Seebach"
968,3151,2.5,69,"Jenatschstrasse 5, 8002 Zürich"
969,1670,2.0,54,"Möhrlistrasse 103, 8006 Zürich"
970,4200,4.0,99,"Waffenplatzstrasse 63, 8002 Zürich"
971,1475,1.0,18,"Militärstrasse 12, 8004 Zürich"
972,1775,1.0,25,"Stampfenbachstrasse 146, 8006 Zürich"
973,2203,3.0,44,"Edenstrasse 8, 8045 Zürich"
974,2660,2.5,53,"Aemtlerstrasse 188, 8003 Zürich"
975,13200,4.5,180,"Susenbergstrasse, 8044 Zürich"
976,3750,4.5,110,"Katzenschwanzstrasse 16, 8053 Zürich"
977,3500,3.5,0,"Dienerstrasse 50, 8004 Zürich"
978,4950,4.5,60,8004 Zürich
979,1850,1.0,26,"Hölderlinstrasse 10, 8032 Zürich"
980,3550,3.5,84,"Hardplatz 7, 8004 Zürich"
981,2570,1.0,38,"Lavaterstrasse, 8002 Zürich"
982,2936,3.0,52,8008 Zürich
983,3750,3.0,76,"Predigerplatz 18, 8001 Zürich"
984,2320,2.0,49,"Scheffelstrasse 3, 8037 Zürich"
986,1500,1.0,100,"Rümlangstrasse, 52, 8052 Zürich"
987,2395,2.5,63,"Zürichbergstrasse, 8044 Zürich"
988,1885,1.5,23,"Grimselstrasse 2, 8048 Zürich"
989,2990,1.5,35,"Grimselstrasse 2, 8048 Zürich"
990,2595,2.0,50,"Grimselstrasse 2, 8048 Zürich"
991,2175,1.0,28,"Grimselstrasse 2, 8048 Zürich"
992,2395,2.5,42,"Mutschellenstrasse 85, 8038 Zürich"
993,1690,1.0,40,"Kürbergstrasse, 8049 Zürich"
994,2900,2.0,40,"Universitätstrasse 69, 8006 Zürich"
995,1996,0.0,40,"Welchogasse 8, 8050 Zürich"
996,2590,2.0,55,"Ottenweg 2, 8008 Zürich"
997,2075,2.0,38,"Zurlindenstrasse 45, 8003 Zürich"
998,3150,3.5,0,"Riedenhaldenstrasse 33, 8046 Zürich"
999,2990,3.0,0,"Niederdorfstrasse 67, 8001 Zürich"
